MATC,MAPmm,Texture,Suborder,SOC,Score_2.5%,Score_Mean,Score_97.5%
11,620,T1,S2,1.2,0.4312108001095343,0.45908424943502646,0.48517971922053027
19.5,851,T2,S3,1.8,0.7938508424430484,0.8145484373343554,0.8346399019994242
7.5,2100,T3,S4,2.5,0.36274366014105525,0.39764839435384414,0.43444988992583833
